[  {    "group": "Rekognition",    "type": "post",    "url": "https://tzr3anh3h6.execute-api.us-east-2.amazonaws.com/dev/compare-faces",    "title": "compare the faces of the two images in base64",    "description": "<p>This service compare the faces of the two images in base64</p>",    "parameter": {      "fields": {        "Parameter": [          {            "group": "Parameter",            "type": "string",            "optional": false,            "field": "SourceImage",            "description": "<p>First image in base64 to upload</p>"          },          {            "group": "Parameter",            "type": "string",            "optional": false,            "field": "TargetImage",            "description": "<p>Second image in base64 to upload</p>"          }        ]      }    },    "success": {      "fields": {        "Success 200": [          {            "group": "Success 200",            "type": "Boolean",            "optional": false,            "field": "Ok",            "description": "<p>service is success ?</p>"          },          {            "group": "Success 200",            "type": "Object",            "optional": false,            "field": "data",            "description": "<p>Data with the results of the comparison</p>"          }        ]      },      "examples": [        {          "title": "Success",          "content": " ok: true,\n data: {\n     {\n\"ok\": true,\n\"data\": {\n  \"SourceImageFace\": {\n    \"BoundingBox\": {\n      \"Width\": 0.27123841643333435,\n      \"Height\": 0.6196115612983704,\n      \"Left\": 0.3554128408432007,\n      \"Top\": 0.13535375893115997\n    },\n    \"Confidence\": 99.99998474121094\n  },\n  \"FaceMatches\": [\n    {\n      \"Similarity\": 99.70835876464844,\n      \"Face\": {\n        \"BoundingBox\": {\n          \"Width\": 0.15156203508377075,\n          \"Height\": 0.4081224203109741,\n          \"Left\": 0.4619642198085785,\n          \"Top\": 0.0786842480301857\n        },\n        \"Confidence\": 99.99998474121094,\n        \"Landmarks\": [\n          {\n            \"Type\": \"eyeLeft\",\n            \"X\": 0.5045753717422485,\n            \"Y\": 0.2188815474510193\n          },\n          {\n            \"Type\": \"eyeRight\",\n            \"X\": 0.5730355381965637,\n            \"Y\": 0.23236408829689026\n          },\n          {\n            \"Type\": \"mouthLeft\",\n            \"X\": 0.5033063888549805,\n            \"Y\": 0.3644188940525055\n          },\n          {\n            \"Type\": \"mouthRight\",\n            \"X\": 0.5594552159309387,\n            \"Y\": 0.37553170323371887\n          },\n          {\n            \"Type\": \"nose\",\n            \"X\": 0.538753092288971,\n            \"Y\": 0.2986147403717041\n          }\n        ],\n        \"Pose\": {\n          \"Roll\": 4.021029472351074,\n          \"Yaw\": -14.957561492919922,\n          \"Pitch\": 3.950698137283325\n        },\n        \"Quality\": {\n          \"Brightness\": 85.14419555664062,\n          \"Sharpness\": 83.14741516113281\n        }\n      }\n    }\n  ],\n  \"UnmatchedFaces\": []\n }\n}\n }",          "type": "json"        }      ]    },    "version": "0.0.0",    "filename": "./handler.js",    "groupTitle": "Rekognition",    "name": "PostHttpsTzr3anh3h6ExecuteApiUsEast2AmazonawsComDevCompareFaces"  },  {    "group": "Rekognition",    "type": "post",    "url": "https://tzr3anh3h6.execute-api.us-east-2.amazonaws.com/dev/rekognition",    "title": "Upload image to s3 bucket",    "description": "<p>This service upload image in base64 to s3 bucket</p>",    "parameter": {      "fields": {        "Parameter": [          {            "group": "Parameter",            "type": "string",            "optional": false,            "field": "imageBase64",            "description": "<p>Image in base64 to upload</p>"          }        ]      }    },    "success": {      "fields": {        "Success 200": [          {            "group": "Success 200",            "type": "Boolean",            "optional": false,            "field": "Ok",            "description": "<p>service is success ?</p>"          },          {            "group": "Success 200",            "type": "String",            "optional": false,            "field": "message",            "description": "<p>Message with success process.</p>"          }        ]      },      "examples": [        {          "title": "Success",          "content": "ok: true,\nmessage: 'File success upload.'",          "type": "json"        }      ]    },    "version": "0.0.0",    "filename": "./handler.js",    "groupTitle": "Rekognition",    "name": "PostHttpsTzr3anh3h6ExecuteApiUsEast2AmazonawsComDevRekognition"  },  {    "success": {      "fields": {        "Success 200": [          {            "group": "Success 200",            "optional": false,            "field": "varname1",            "description": "<p>No type.</p>"          },          {            "group": "Success 200",            "type": "String",            "optional": false,            "field": "varname2",            "description": "<p>With type.</p>"          }        ]      }    },    "type": "",    "url": "",    "version": "0.0.0",    "filename": "./apiDoc/main.js",    "group": "_Users_jorgecastano_Documents_Develop_serverless_aws_sdk_serverless_apiDoc_main_js",    "groupTitle": "_Users_jorgecastano_Documents_Develop_serverless_aws_sdk_serverless_apiDoc_main_js",    "name": ""  },  {    "type": "",    "url": "private",    "title": "",    "version": "0.0.0",    "filename": "./node_modules/debug/dist/debug.js",    "group": "_Users_jorgecastano_Documents_Develop_serverless_aws_sdk_serverless_node_modules_debug_dist_debug_js",    "groupTitle": "_Users_jorgecastano_Documents_Develop_serverless_aws_sdk_serverless_node_modules_debug_dist_debug_js",    "name": "Private"  },  {    "type": "",    "url": "private",    "title": "",    "version": "0.0.0",    "filename": "./node_modules/debug/dist/debug.js",    "group": "_Users_jorgecastano_Documents_Develop_serverless_aws_sdk_serverless_node_modules_debug_dist_debug_js",    "groupTitle": "_Users_jorgecastano_Documents_Develop_serverless_aws_sdk_serverless_node_modules_debug_dist_debug_js",    "name": "Private"  },  {    "type": "",    "url": "private",    "title": "",    "version": "0.0.0",    "filename": "./node_modules/debug/dist/debug.js",    "group": "_Users_jorgecastano_Documents_Develop_serverless_aws_sdk_serverless_node_modules_debug_dist_debug_js",    "groupTitle": "_Users_jorgecastano_Documents_Develop_serverless_aws_sdk_serverless_node_modules_debug_dist_debug_js",    "name": "Private"  },  {    "type": "",    "url": "private",    "title": "",    "version": "0.0.0",    "filename": "./node_modules/debug/dist/debug.js",    "group": "_Users_jorgecastano_Documents_Develop_serverless_aws_sdk_serverless_node_modules_debug_dist_debug_js",    "groupTitle": "_Users_jorgecastano_Documents_Develop_serverless_aws_sdk_serverless_node_modules_debug_dist_debug_js",    "name": "Private"  },  {    "type": "",    "url": "private",    "title": "",    "version": "0.0.0",    "filename": "./node_modules/debug/dist/debug.js",    "group": "_Users_jorgecastano_Documents_Develop_serverless_aws_sdk_serverless_node_modules_debug_dist_debug_js",    "groupTitle": "_Users_jorgecastano_Documents_Develop_serverless_aws_sdk_serverless_node_modules_debug_dist_debug_js",    "name": "Private"  },  {    "type": "",    "url": "private",    "title": "",    "version": "0.0.0",    "filename": "./node_modules/debug/dist/debug.js",    "group": "_Users_jorgecastano_Documents_Develop_serverless_aws_sdk_serverless_node_modules_debug_dist_debug_js",    "groupTitle": "_Users_jorgecastano_Documents_Develop_serverless_aws_sdk_serverless_node_modules_debug_dist_debug_js",    "name": "Private"  },  {    "type": "",    "url": "private",    "title": "",    "version": "0.0.0",    "filename": "./node_modules/debug/dist/debug.js",    "group": "_Users_jorgecastano_Documents_Develop_serverless_aws_sdk_serverless_node_modules_debug_dist_debug_js",    "groupTitle": "_Users_jorgecastano_Documents_Develop_serverless_aws_sdk_serverless_node_modules_debug_dist_debug_js",    "name": "Private"  },  {    "type": "",    "url": "private",    "title": "",    "version": "0.0.0",    "filename": "./node_modules/debug/dist/debug.js",    "group": "_Users_jorgecastano_Documents_Develop_serverless_aws_sdk_serverless_node_modules_debug_dist_debug_js",    "groupTitle": "_Users_jorgecastano_Documents_Develop_serverless_aws_sdk_serverless_node_modules_debug_dist_debug_js",    "name": "Private"  },  {    "type": "",    "url": "private",    "title": "",    "version": "0.0.0",    "filename": "./node_modules/debug/dist/debug.js",    "group": "_Users_jorgecastano_Documents_Develop_serverless_aws_sdk_serverless_node_modules_debug_dist_debug_js",    "groupTitle": "_Users_jorgecastano_Documents_Develop_serverless_aws_sdk_serverless_node_modules_debug_dist_debug_js",    "name": "Private"  },  {    "type": "",    "url": "public",    "title": "",    "version": "0.0.0",    "filename": "./node_modules/debug/dist/debug.js",    "group": "_Users_jorgecastano_Documents_Develop_serverless_aws_sdk_serverless_node_modules_debug_dist_debug_js",    "groupTitle": "_Users_jorgecastano_Documents_Develop_serverless_aws_sdk_serverless_node_modules_debug_dist_debug_js",    "name": "Public"  },  {    "type": "",    "url": "public",    "title": "",    "version": "0.0.0",    "filename": "./node_modules/debug/dist/debug.js",    "group": "_Users_jorgecastano_Documents_Develop_serverless_aws_sdk_serverless_node_modules_debug_dist_debug_js",    "groupTitle": "_Users_jorgecastano_Documents_Develop_serverless_aws_sdk_serverless_node_modules_debug_dist_debug_js",    "name": "Public"  },  {    "type": "",    "url": "public",    "title": "",    "version": "0.0.0",    "filename": "./node_modules/debug/dist/debug.js",    "group": "_Users_jorgecastano_Documents_Develop_serverless_aws_sdk_serverless_node_modules_debug_dist_debug_js",    "groupTitle": "_Users_jorgecastano_Documents_Develop_serverless_aws_sdk_serverless_node_modules_debug_dist_debug_js",    "name": "Public"  },  {    "type": "",    "url": "public",    "title": "",    "version": "0.0.0",    "filename": "./node_modules/debug/dist/debug.js",    "group": "_Users_jorgecastano_Documents_Develop_serverless_aws_sdk_serverless_node_modules_debug_dist_debug_js",    "groupTitle": "_Users_jorgecastano_Documents_Develop_serverless_aws_sdk_serverless_node_modules_debug_dist_debug_js",    "name": "Public"  },  {    "type": "",    "url": "public",    "title": "",    "version": "0.0.0",    "filename": "./node_modules/debug/dist/debug.js",    "group": "_Users_jorgecastano_Documents_Develop_serverless_aws_sdk_serverless_node_modules_debug_dist_debug_js",    "groupTitle": "_Users_jorgecastano_Documents_Develop_serverless_aws_sdk_serverless_node_modules_debug_dist_debug_js",    "name": "Public"  },  {    "type": "",    "url": "public",    "title": "",    "version": "0.0.0",    "filename": "./node_modules/debug/dist/debug.js",    "group": "_Users_jorgecastano_Documents_Develop_serverless_aws_sdk_serverless_node_modules_debug_dist_debug_js",    "groupTitle": "_Users_jorgecastano_Documents_Develop_serverless_aws_sdk_serverless_node_modules_debug_dist_debug_js",    "name": "Public"  },  {    "type": "",    "url": "public",    "title": "",    "version": "0.0.0",    "filename": "./node_modules/debug/dist/debug.js",    "group": "_Users_jorgecastano_Documents_Develop_serverless_aws_sdk_serverless_node_modules_debug_dist_debug_js",    "groupTitle": "_Users_jorgecastano_Documents_Develop_serverless_aws_sdk_serverless_node_modules_debug_dist_debug_js",    "name": "Public"  },  {    "type": "",    "url": "private",    "title": "",    "version": "0.0.0",    "filename": "./node_modules/debug/src/browser.js",    "group": "_Users_jorgecastano_Documents_Develop_serverless_aws_sdk_serverless_node_modules_debug_src_browser_js",    "groupTitle": "_Users_jorgecastano_Documents_Develop_serverless_aws_sdk_serverless_node_modules_debug_src_browser_js",    "name": "Private"  },  {    "type": "",    "url": "private",    "title": "",    "version": "0.0.0",    "filename": "./node_modules/debug/src/browser.js",    "group": "_Users_jorgecastano_Documents_Develop_serverless_aws_sdk_serverless_node_modules_debug_src_browser_js",    "groupTitle": "_Users_jorgecastano_Documents_Develop_serverless_aws_sdk_serverless_node_modules_debug_src_browser_js",    "name": "Private"  },  {    "type": "",    "url": "private",    "title": "",    "version": "0.0.0",    "filename": "./node_modules/debug/src/browser.js",    "group": "_Users_jorgecastano_Documents_Develop_serverless_aws_sdk_serverless_node_modules_debug_src_browser_js",    "groupTitle": "_Users_jorgecastano_Documents_Develop_serverless_aws_sdk_serverless_node_modules_debug_src_browser_js",    "name": "Private"  },  {    "type": "",    "url": "public",    "title": "",    "version": "0.0.0",    "filename": "./node_modules/debug/src/browser.js",    "group": "_Users_jorgecastano_Documents_Develop_serverless_aws_sdk_serverless_node_modules_debug_src_browser_js",    "groupTitle": "_Users_jorgecastano_Documents_Develop_serverless_aws_sdk_serverless_node_modules_debug_src_browser_js",    "name": "Public"  },  {    "type": "",    "url": "public",    "title": "",    "version": "0.0.0",    "filename": "./node_modules/debug/src/browser.js",    "group": "_Users_jorgecastano_Documents_Develop_serverless_aws_sdk_serverless_node_modules_debug_src_browser_js",    "groupTitle": "_Users_jorgecastano_Documents_Develop_serverless_aws_sdk_serverless_node_modules_debug_src_browser_js",    "name": "Public"  },  {    "type": "",    "url": "private",    "title": "",    "version": "0.0.0",    "filename": "./node_modules/debug/src/common.js",    "group": "_Users_jorgecastano_Documents_Develop_serverless_aws_sdk_serverless_node_modules_debug_src_common_js",    "groupTitle": "_Users_jorgecastano_Documents_Develop_serverless_aws_sdk_serverless_node_modules_debug_src_common_js",    "name": "Private"  },  {    "type": "",    "url": "private",    "title": "",    "version": "0.0.0",    "filename": "./node_modules/debug/src/common.js",    "group": "_Users_jorgecastano_Documents_Develop_serverless_aws_sdk_serverless_node_modules_debug_src_common_js",    "groupTitle": "_Users_jorgecastano_Documents_Develop_serverless_aws_sdk_serverless_node_modules_debug_src_common_js",    "name": "Private"  },  {    "type": "",    "url": "private",    "title": "",    "version": "0.0.0",    "filename": "./node_modules/debug/src/common.js",    "group": "_Users_jorgecastano_Documents_Develop_serverless_aws_sdk_serverless_node_modules_debug_src_common_js",    "groupTitle": "_Users_jorgecastano_Documents_Develop_serverless_aws_sdk_serverless_node_modules_debug_src_common_js",    "name": "Private"  },  {    "type": "",    "url": "public",    "title": "",    "version": "0.0.0",    "filename": "./node_modules/debug/src/common.js",    "group": "_Users_jorgecastano_Documents_Develop_serverless_aws_sdk_serverless_node_modules_debug_src_common_js",    "groupTitle": "_Users_jorgecastano_Documents_Develop_serverless_aws_sdk_serverless_node_modules_debug_src_common_js",    "name": "Public"  },  {    "type": "",    "url": "public",    "title": "",    "version": "0.0.0",    "filename": "./node_modules/debug/src/common.js",    "group": "_Users_jorgecastano_Documents_Develop_serverless_aws_sdk_serverless_node_modules_debug_src_common_js",    "groupTitle": "_Users_jorgecastano_Documents_Develop_serverless_aws_sdk_serverless_node_modules_debug_src_common_js",    "name": "Public"  },  {    "type": "",    "url": "public",    "title": "",    "version": "0.0.0",    "filename": "./node_modules/debug/src/common.js",    "group": "_Users_jorgecastano_Documents_Develop_serverless_aws_sdk_serverless_node_modules_debug_src_common_js",    "groupTitle": "_Users_jorgecastano_Documents_Develop_serverless_aws_sdk_serverless_node_modules_debug_src_common_js",    "name": "Public"  },  {    "type": "",    "url": "public",    "title": "",    "version": "0.0.0",    "filename": "./node_modules/debug/src/common.js",    "group": "_Users_jorgecastano_Documents_Develop_serverless_aws_sdk_serverless_node_modules_debug_src_common_js",    "groupTitle": "_Users_jorgecastano_Documents_Develop_serverless_aws_sdk_serverless_node_modules_debug_src_common_js",    "name": "Public"  },  {    "type": "",    "url": "private",    "title": "",    "version": "0.0.0",    "filename": "./node_modules/debug/src/node.js",    "group": "_Users_jorgecastano_Documents_Develop_serverless_aws_sdk_serverless_node_modules_debug_src_node_js",    "groupTitle": "_Users_jorgecastano_Documents_Develop_serverless_aws_sdk_serverless_node_modules_debug_src_node_js",    "name": "Private"  },  {    "type": "",    "url": "private",    "title": "",    "version": "0.0.0",    "filename": "./node_modules/debug/src/node.js",    "group": "_Users_jorgecastano_Documents_Develop_serverless_aws_sdk_serverless_node_modules_debug_src_node_js",    "groupTitle": "_Users_jorgecastano_Documents_Develop_serverless_aws_sdk_serverless_node_modules_debug_src_node_js",    "name": "Private"  },  {    "type": "",    "url": "public",    "title": "",    "version": "0.0.0",    "filename": "./node_modules/debug/src/node.js",    "group": "_Users_jorgecastano_Documents_Develop_serverless_aws_sdk_serverless_node_modules_debug_src_node_js",    "groupTitle": "_Users_jorgecastano_Documents_Develop_serverless_aws_sdk_serverless_node_modules_debug_src_node_js",    "name": "Public"  },  {    "type": "",    "url": "private",    "title": "",    "version": "0.0.0",    "filename": "./node_modules/ms/index.js",    "group": "_Users_jorgecastano_Documents_Develop_serverless_aws_sdk_serverless_node_modules_ms_index_js",    "groupTitle": "_Users_jorgecastano_Documents_Develop_serverless_aws_sdk_serverless_node_modules_ms_index_js",    "name": "Private"  },  {    "type": "",    "url": "private",    "title": "",    "version": "0.0.0",    "filename": "./node_modules/ms/index.js",    "group": "_Users_jorgecastano_Documents_Develop_serverless_aws_sdk_serverless_node_modules_ms_index_js",    "groupTitle": "_Users_jorgecastano_Documents_Develop_serverless_aws_sdk_serverless_node_modules_ms_index_js",    "name": "Private"  },  {    "type": "",    "url": "private",    "title": "",    "version": "0.0.0",    "filename": "./node_modules/ms/index.js",    "group": "_Users_jorgecastano_Documents_Develop_serverless_aws_sdk_serverless_node_modules_ms_index_js",    "groupTitle": "_Users_jorgecastano_Documents_Develop_serverless_aws_sdk_serverless_node_modules_ms_index_js",    "name": "Private"  },  {    "type": "",    "url": "public",    "title": "",    "version": "0.0.0",    "filename": "./node_modules/ms/index.js",    "group": "_Users_jorgecastano_Documents_Develop_serverless_aws_sdk_serverless_node_modules_ms_index_js",    "groupTitle": "_Users_jorgecastano_Documents_Develop_serverless_aws_sdk_serverless_node_modules_ms_index_js",    "name": "Public"  }]
